parental_rnai,parental_treatment,treatment,plate,worm,set_up_date,death_date
Raga,PLight,Light,6,1,09-Mar,11-Mar
Raga,PLight,Light,6,3,09-Mar,NA
Raga,PLight,Light,6,4,09-Mar,NA
Raga,PLight,Light,6,5,09-Mar,NA
Raga,PLight,Light,6,6,09-Mar,NA
Raga,PLight,Light,6,7,09-Mar,NA
Raga,PLight,Light,6,8,09-Mar,NA
Raga,PLight,Light,6,9,09-Mar,NA
Raga,PLight,Light,6,10,09-Mar,NA
Raga,PLight,Dark,6,1,17-Apr,21-Apr
Raga,PLight,Dark,6,6,17-Apr,NA
Raga,PLight,Dark,6,7,17-Apr,NA
Raga,PLight,Dark,6,8,17-Apr,NA
Raga,PLight,Dark,6,9,17-Apr,NA
Raga,PLight,Dark,6,10,17-Apr,NA
raga,plight,dark,6,1,09-Mar,22-Mar
raga,plight,dark,6,2,09-Mar,24-Mar
raga,plight,dark,6,3,09-Mar,24-Mar
raga,plight,dark,6,4,09-Mar,24-Mar
raga,plight,dark,6,5,09-Mar,24-Mar
raga,plight,dark,6,6,09-Mar,25-Mar
raga,plight,dark,6,7,09-Mar,25-Mar
raga,plight,dark,6,8,09-Mar,26-Mar
raga,plight,dark,6,9,09-Mar,27-Mar
raga,plight,dark,6,10,09-Mar,28-Mar
raga,plight,dark,6,11,09-Mar,31-Mar
raga,plight,light,6,2,09-Mar,15-Mar
ev,pdark,dark,6,1,17-Apr,02-May
ev,pdark,dark,6,2,17-Apr,04-May
ev,pdark,dark,6,3,17-Apr,07-May
ev,pdark,dark,6,4,17-Apr,10-May
ev,pdark,dark,6,5,17-Apr,11-May
ev,plight,dark,6,1,17-Apr,05-May
ev,plight,dark,6,2,17-Apr,11-May
ev,plight,light,6,1,17-Apr,23-Apr
ev,plight,light,6,2,17-Apr,23-Apr
ev,plight,light,6,3,17-Apr,23-Apr
ev,plight,light,6,4,17-Apr,25-Apr
raga,plight,dark,6,2,17-Apr,03-May
raga,plight,dark,6,3,17-Apr,06-May
raga,plight,dark,6,4,17-Apr,06-May
raga,plight,dark,6,5,17-Apr,08-May
Raga,PLight,Light,6,1,17-Apr,21-Apr
Raga,PLight,Light,6,2,17-Apr,21-Apr
Raga,PLight,Light,6,3,17-Apr,21-Apr
Raga,PLight,Light,6,4,17-Apr,22-Apr
Raga,PLight,Light,6,5,17-Apr,NA
Raga,PLight,Light,6,6,17-Apr,NA
Raga,PLight,Light,6,7,17-Apr,NA
Raga,PLight,Light,6,8,17-Apr,NA
Raga,PLight,Light,6,9,17-Apr,NA
Raga,PLight,Light,6,10,17-Apr,NA
EV,PDark,Dark,5,1,07-Mar,15-Mar
Raga,PDark,Dark,5,1,07-Mar,17-Mar
Raga,PDark,Dark,5,3,07-Mar,18-Mar
Raga,PDark,Dark,5,4,07-Mar,18-Mar
Raga,PDark,Dark,5,5,07-Mar,18-Mar
Raga,PDark,Dark,5,6,07-Mar,18-Mar
Raga,PDark,Light,5,1,07-Mar,14-Mar
Raga,PDark,Light,5,2,07-Mar,14-Mar
Raga,PLight,Dark,5,9,08-Mar,NA
Raga,PLight,Dark,5,10,08-Mar,NA
Raga,PLight,Light,5,4,08-Mar,12-Mar
EV,PDark,Dark,5,1,16-Apr,20-Apr
Raga,PDark,Dark,5,1,16-Apr,NA
Raga,PDark,Dark,5,2,16-Apr,NA
Raga,PDark,Dark,5,3,16-Apr,NA
Raga,PDark,Dark,5,4,16-Apr,NA
Raga,PDark,Dark,5,5,16-Apr,NA
Raga,PDark,Dark,5,6,16-Apr,NA
Raga,PDark,Dark,5,7,16-Apr,NA
Raga,PDark,Dark,5,8,16-Apr,NA
Raga,PDark,Dark,5,9,16-Apr,NA
Raga,PDark,Dark,5,10,16-Apr,NA
Raga,PDark,Light,5,1,16-Apr,NA
Raga,PDark,Light,5,2,16-Apr,NA
Raga,PDark,Light,5,3,16-Apr,NA
Raga,PDark,Light,5,4,16-Apr,NA
Raga,PDark,Light,5,5,16-Apr,NA
Raga,PDark,Light,5,6,16-Apr,NA
Raga,PDark,Light,5,7,16-Apr,NA
Raga,PDark,Light,5,8,16-Apr,NA
Raga,PDark,Light,5,9,16-Apr,NA
Raga,PDark,Light,5,10,16-Apr,NA
EV,PLight,Dark,5,1,16-Apr,24-Apr
ev,pdark,dark,5,2,07-Mar,25-Mar
ev,pdark,dark,5,3,07-Mar,26-Mar
EV,PLight,Dark,5,10,16-Apr,NA
ev,pdark,dark,5,4,07-Mar,26-Mar
ev,pdark,dark,5,5,07-Mar,26-Mar
ev,pdark,dark,5,6,07-Mar,29-Mar
ev,pdark,dark,5,7,07-Mar,29-Mar
ev,pdark,dark,5,8,07-Mar,29-Mar
ev,pdark,dark,5,9,07-Mar,29-Mar
ev,pdark,dark,5,10,07-Mar,30-Mar
ev,pdark,light,5,1,07-Mar,12-Mar
ev,pdark,light,5,2,07-Mar,14-Mar
ev,pdark,light,5,3,07-Mar,14-Mar
ev,pdark,light,5,4,07-Mar,14-Mar
ev,pdark,light,5,5,07-Mar,14-Mar
ev,pdark,light,5,6,07-Mar,14-Mar
ev,pdark,light,5,7,07-Mar,15-Mar
ev,pdark,light,5,8,07-Mar,15-Mar
ev,pdark,light,5,9,07-Mar,15-Mar
ev,pdark,light,5,10,07-Mar,16-Mar
raga,pdark,dark,5,2,07-Mar,17-Mar
raga,pdark,dark,5,7,07-Mar,23-Mar
raga,pdark,dark,5,8,07-Mar,24-Mar
raga,pdark,dark,5,9,07-Mar,24-Mar
raga,pdark,dark,5,10,07-Mar,28-Mar
raga,pdark,light,5,3,07-Mar,14-Mar
raga,pdark,light,5,4,07-Mar,14-Mar
raga,pdark,light,5,5,07-Mar,15-Mar
raga,pdark,light,5,6,07-Mar,15-Mar
raga,pdark,light,5,7,07-Mar,15-Mar
raga,pdark,light,5,8,07-Mar,15-Mar
raga,pdark,light,5,9,07-Mar,15-Mar
raga,pdark,light,5,10,07-Mar,15-Mar
EV,PLight,Light,5,1,16-Apr,22-Apr
EV,PLight,Light,5,2,16-Apr,23-Apr
raga,plight,dark,5,1,08-Mar,23-Mar
raga,plight,dark,5,2,08-Mar,25-Mar
raga,plight,dark,5,3,08-Mar,25-Mar
raga,plight,dark,5,4,08-Mar,27-Mar
raga,plight,dark,5,5,08-Mar,27-Mar
raga,plight,dark,5,6,08-Mar,27-Mar
raga,plight,dark,5,7,08-Mar,28-Mar
raga,plight,dark,5,8,08-Mar,28-Mar
raga,plight,light,5,1,08-Mar,12-Mar
raga,plight,light,5,2,08-Mar,12-Mar
raga,plight,light,5,3,08-Mar,12-Mar
raga,plight,light,5,5,08-Mar,14-Mar
raga,plight,light,5,6,08-Mar,14-Mar
raga,plight,light,5,7,08-Mar,14-Mar
raga,plight,light,5,8,08-Mar,14-Mar
raga,plight,light,5,9,08-Mar,14-Mar
raga,plight,light,5,10,08-Mar,14-Mar
ev,pdark,dark,5,2,16-Apr,26-Apr
ev,pdark,dark,5,3,16-Apr,07-May
ev,pdark,dark,5,4,16-Apr,10-May
ev,pdark,dark,5,5,16-Apr,10-May
ev,pdark,dark,5,6,16-Apr,10-May
ev,pdark,dark,5,7,16-Apr,10-May
ev,pdark,dark,5,8,16-Apr,11-May
ev,pdark,dark,5,9,16-Apr,13-May
ev,pdark,dark,5,10,16-Apr,14-May
ev,pdark,light,5,1,16-Apr,23-Apr
ev,pdark,light,5,2,16-Apr,23-Apr
ev,pdark,light,5,3,16-Apr,23-Apr
ev,pdark,light,5,4,16-Apr,24-Apr
ev,pdark,light,5,5,16-Apr,24-Apr
ev,pdark,light,5,6,16-Apr,24-Apr
ev,pdark,light,5,7,16-Apr,24-Apr
ev,pdark,light,5,8,16-Apr,24-Apr
ev,pdark,light,5,9,16-Apr,24-Apr
ev,pdark,light,5,10,16-Apr,24-Apr
ev,plight,dark,5,2,16-Apr,03-May
ev,plight,dark,5,3,16-Apr,04-May
ev,plight,dark,5,4,16-Apr,04-May
ev,plight,dark,5,5,16-Apr,08-May
ev,plight,dark,5,6,16-Apr,09-May
ev,plight,dark,5,7,16-Apr,09-May
ev,plight,dark,5,8,16-Apr,10-May
ev,plight,dark,5,9,16-Apr,10-May
ev,plight,light,5,3,16-Apr,24-Apr
ev,plight,light,5,4,16-Apr,24-Apr
ev,plight,light,5,5,16-Apr,24-Apr
ev,plight,light,5,6,16-Apr,24-Apr
ev,plight,light,5,7,16-Apr,24-Apr
ev,plight,light,5,8,16-Apr,24-Apr
Raga,PLight,Dark,5,7,16-Apr,NA
Raga,PLight,Dark,5,8,16-Apr,NA
Raga,PLight,Dark,5,9,16-Apr,NA
Raga,PLight,Dark,5,10,16-Apr,NA
ev,plight,light,5,9,16-Apr,25-Apr
ev,plight,light,5,10,16-Apr,25-Apr
raga,plight,dark,5,1,16-Apr,04-May
raga,plight,dark,5,2,16-Apr,04-May
raga,plight,dark,5,3,16-Apr,05-May
raga,plight,dark,5,4,16-Apr,07-May
raga,plight,dark,5,5,16-Apr,11-May
raga,plight,dark,5,6,16-Apr,11-May
raga,plight,light,5,2,16-Apr,22-Apr
raga,plight,light,5,3,16-Apr,22-Apr
raga,plight,light,5,4,16-Apr,22-Apr
raga,plight,light,5,5,16-Apr,22-Apr
raga,plight,light,5,6,16-Apr,22-Apr
raga,plight,light,5,7,16-Apr,22-Apr
raga,plight,light,5,8,16-Apr,22-Apr
raga,plight,light,5,10,16-Apr,24-Apr
Raga,PLight,Light,5,1,16-Apr,22-Apr
Raga,PLight,Light,5,9,16-Apr,22-Apr
EV,PDark,Dark,4,1,07-Mar,14-Mar
EV,PDark,Light,4,1,07-Mar,14-Mar
EV,PDark,Light,4,2,07-Mar,14-Mar
Raga,PDark,Dark,4,1,07-Mar,19-Mar
Raga,PDark,Dark,4,3,07-Mar,21-Mar
Raga,PDark,Light,4,10,07-Mar,NA
EV,PLight,Dark,4,1,08-Mar,NA
EV,PLight,Dark,4,8,08-Mar,NA
EV,PLight,Dark,4,9,08-Mar,NA
EV,PLight,Dark,4,10,08-Mar,NA
EV,PLight,Light,4,3,08-Mar,NA
EV,PLight,Light,4,4,08-Mar,NA
EV,PLight,Light,4,5,08-Mar,NA
EV,PLight,Light,4,6,08-Mar,NA
EV,PLight,Light,4,7,08-Mar,NA
EV,PLight,Light,4,8,08-Mar,NA
EV,PLight,Light,4,9,08-Mar,NA
EV,PLight,Light,4,10,08-Mar,NA
Raga,PLight,Dark,4,1,08-Mar,11-Mar
Raga,PLight,Dark,4,7,08-Mar,NA
Raga,PLight,Dark,4,8,08-Mar,NA
Raga,PLight,Dark,4,9,08-Mar,NA
Raga,PLight,Dark,4,10,08-Mar,NA
EV,PDark,Dark,4,9,16-Apr,NA
EV,PDark,Dark,4,10,16-Apr,NA
ev,pdark,dark,4,2,07-Mar,18-Mar
ev,pdark,dark,4,3,07-Mar,22-Mar
ev,pdark,dark,4,4,07-Mar,23-Mar
ev,pdark,dark,4,5,07-Mar,26-Mar
ev,pdark,dark,4,6,07-Mar,26-Mar
ev,pdark,dark,4,7,07-Mar,27-Mar
ev,pdark,dark,4,8,07-Mar,27-Mar
ev,pdark,dark,4,9,07-Mar,27-Mar
ev,pdark,dark,4,10,07-Mar,03-Apr
ev,pdark,light,4,3,07-Mar,14-Mar
ev,pdark,light,4,4,07-Mar,14-Mar
ev,pdark,light,4,5,07-Mar,15-Mar
ev,pdark,light,4,6,07-Mar,15-Mar
ev,pdark,light,4,7,07-Mar,15-Mar
EV,PDark,Light,4,1,16-Apr,19-Apr
EV,PDark,Light,4,2,16-Apr,22-Apr
EV,PDark,Light,4,3,16-Apr,22-Apr
EV,PDark,Light,4,4,16-Apr,22-Apr
ev,pdark,light,4,8,07-Mar,15-Mar
ev,pdark,light,4,9,07-Mar,15-Mar
ev,pdark,light,4,10,07-Mar,15-Mar
raga,pdark,dark,4,2,07-Mar,21-Mar
raga,pdark,dark,4,4,07-Mar,25-Mar
EV,PDark,Light,4,10,16-Apr,NA
raga,pdark,dark,4,5,07-Mar,26-Mar
raga,pdark,dark,4,6,07-Mar,26-Mar
raga,pdark,dark,4,7,07-Mar,27-Mar
raga,pdark,dark,4,8,07-Mar,27-Mar
raga,pdark,dark,4,9,07-Mar,28-Mar
raga,pdark,dark,4,10,07-Mar,01-Apr
raga,pdark,light,4,1,07-Mar,14-Mar
raga,pdark,light,4,2,07-Mar,14-Mar
raga,pdark,light,4,3,07-Mar,15-Mar
raga,pdark,light,4,4,07-Mar,15-Mar
raga,pdark,light,4,5,07-Mar,15-Mar
raga,pdark,light,4,6,07-Mar,15-Mar
raga,pdark,light,4,7,07-Mar,15-Mar
raga,pdark,light,4,8,07-Mar,15-Mar
raga,pdark,light,4,9,07-Mar,15-Mar
ev,plight,dark,4,2,09-Mar,19-Mar
ev,plight,dark,4,3,09-Mar,24-Mar
ev,plight,dark,4,4,09-Mar,27-Mar
ev,plight,dark,4,5,09-Mar,27-Mar
ev,plight,dark,4,6,09-Mar,31-Mar
ev,plight,dark,4,7,09-Mar,01-Apr
ev,plight,light,4,1,09-Mar,15-Mar
ev,plight,light,4,2,09-Mar,15-Mar
raga,plight,dark,4,2,08-Mar,15-Mar
raga,plight,dark,4,3,08-Mar,20-Mar
raga,plight,dark,4,4,08-Mar,26-Mar
Raga,PDark,Dark,4,1,16-Apr,NA
Raga,PDark,Dark,4,2,16-Apr,NA
Raga,PDark,Dark,4,3,16-Apr,NA
Raga,PDark,Dark,4,4,16-Apr,NA
Raga,PDark,Dark,4,5,16-Apr,NA
Raga,PDark,Dark,4,6,16-Apr,NA
Raga,PDark,Dark,4,7,16-Apr,NA
Raga,PDark,Dark,4,8,16-Apr,NA
Raga,PDark,Dark,4,9,16-Apr,NA
Raga,PDark,Dark,4,10,16-Apr,NA
raga,plight,dark,4,5,08-Mar,27-Mar
raga,plight,dark,4,6,08-Mar,29-Mar
raga,plight,light,4,1,08-Mar,12-Mar
raga,plight,light,4,2,08-Mar,12-Mar
raga,plight,light,4,3,08-Mar,13-Mar
raga,plight,light,4,4,08-Mar,13-Mar
raga,plight,light,4,5,08-Mar,13-Mar
raga,plight,light,4,6,08-Mar,14-Mar
raga,plight,light,4,7,08-Mar,14-Mar
raga,plight,light,4,8,08-Mar,14-Mar
raga,plight,light,4,9,08-Mar,14-Mar
raga,plight,light,4,10,08-Mar,14-Mar
ev,pdark,dark,4,1,16-Apr,26-Apr
ev,pdark,dark,4,2,16-Apr,05-May
ev,pdark,dark,4,3,16-Apr,06-May
ev,pdark,dark,4,4,16-Apr,07-May
Raga,PDark,Light,4,1,16-Apr,NA
Raga,PDark,Light,4,2,16-Apr,NA
Raga,PDark,Light,4,3,16-Apr,NA
Raga,PDark,Light,4,4,16-Apr,NA
Raga,PDark,Light,4,5,16-Apr,NA
Raga,PDark,Light,4,6,16-Apr,NA
Raga,PDark,Light,4,7,16-Apr,NA
Raga,PDark,Light,4,8,16-Apr,NA
Raga,PDark,Light,4,9,16-Apr,NA
Raga,PDark,Light,4,10,16-Apr,NA
ev,pdark,dark,4,5,16-Apr,08-May
ev,pdark,dark,4,6,16-Apr,11-May
ev,pdark,dark,4,7,16-Apr,12-May
ev,pdark,dark,4,8,16-Apr,13-May
ev,pdark,light,4,5,16-Apr,23-Apr
ev,pdark,light,4,6,16-Apr,23-Apr
ev,pdark,light,4,7,16-Apr,24-Apr
ev,pdark,light,4,8,16-Apr,24-Apr
ev,pdark,light,4,9,16-Apr,24-Apr
ev,plight,dark,4,1,16-Apr,28-Apr
ev,plight,dark,4,2,16-Apr,30-Apr
ev,plight,dark,4,3,16-Apr,30-Apr
ev,plight,dark,4,4,16-Apr,07-May
ev,plight,dark,4,5,16-Apr,09-May
ev,plight,dark,4,6,16-Apr,10-May
ev,plight,dark,4,7,16-Apr,10-May
ev,plight,dark,4,8,16-Apr,11-May
ev,plight,dark,4,9,16-Apr,13-May
ev,plight,light,4,3,16-Apr,23-Apr
ev,plight,light,4,4,16-Apr,23-Apr
ev,plight,light,4,6,16-Apr,24-Apr
ev,plight,light,4,7,16-Apr,24-Apr
ev,plight,light,4,8,16-Apr,24-Apr
ev,plight,light,4,9,16-Apr,24-Apr
ev,plight,light,4,10,16-Apr,24-Apr
raga,plight,dark,4,2,16-Apr,07-May
raga,plight,dark,4,3,16-Apr,07-May
raga,plight,dark,4,4,16-Apr,08-May
raga,plight,dark,4,5,16-Apr,08-May
raga,plight,dark,4,6,16-Apr,08-May
raga,plight,dark,4,7,16-Apr,09-May
raga,plight,dark,4,8,16-Apr,10-May
raga,plight,light,4,1,16-Apr,23-Apr
EV,PLight,Dark,4,10,16-Apr,NA
raga,plight,light,4,2,16-Apr,23-Apr
raga,plight,light,4,3,16-Apr,23-Apr
raga,plight,light,4,4,16-Apr,24-Apr
raga,plight,light,4,5,16-Apr,24-Apr
raga,plight,light,4,6,16-Apr,24-Apr
raga,plight,light,4,7,16-Apr,25-Apr
EV,PLight,Light,4,1,16-Apr,18-Apr
EV,PLight,Light,4,2,16-Apr,22-Apr
EV,PLight,Light,4,5,16-Apr,23-Apr
Raga,PLight,Dark,4,1,16-Apr,27-Apr
Raga,PLight,Dark,4,9,16-Apr,NA
Raga,PLight,Dark,4,10,16-Apr,NA
Raga,PLight,Light,4,8,16-Apr,NA
Raga,PLight,Light,4,9,16-Apr,NA
Raga,PLight,Light,4,10,16-Apr,NA
EV,PDark,Dark,3,1,07-Mar,15-Mar
EV,PDark,Light,3,7,07-Mar,NA
EV,PDark,Light,3,8,07-Mar,NA
EV,PDark,Light,3,9,07-Mar,NA
EV,PDark,Light,3,10,07-Mar,NA
Raga,PDark,Light,3,1,07-Mar,11-Mar
EV,PLight,Dark,3,2,08-Mar,21-Mar
EV,PLight,Dark,3,5,08-Mar,25-Mar
EV,PLight,Dark,3,10,08-Mar,NA
EV,PLight,Light,3,10,08-Mar,NA
Raga,PLight,Dark,3,7,08-Mar,NA
Raga,PLight,Dark,3,8,08-Mar,NA
Raga,PLight,Dark,3,9,08-Mar,NA
Raga,PLight,Dark,3,10,08-Mar,NA
ev,pdark,dark,3,2,07-Mar,18-Mar
ev,pdark,dark,3,3,07-Mar,19-Mar
ev,pdark,dark,3,4,07-Mar,19-Mar
ev,pdark,dark,3,5,07-Mar,20-Mar
ev,pdark,dark,3,6,07-Mar,22-Mar
ev,pdark,dark,3,7,07-Mar,25-Mar
ev,pdark,dark,3,8,07-Mar,26-Mar
ev,pdark,dark,3,9,07-Mar,27-Mar
ev,pdark,dark,3,10,07-Mar,27-Mar
ev,pdark,light,3,1,07-Mar,13-Mar
ev,pdark,light,3,2,07-Mar,14-Mar
ev,pdark,light,3,3,07-Mar,14-Mar
ev,pdark,light,3,4,07-Mar,14-Mar
ev,pdark,light,3,5,07-Mar,14-Mar
ev,pdark,light,3,6,07-Mar,15-Mar
raga,pdark,dark,3,1,07-Mar,21-Mar
raga,pdark,dark,3,2,07-Mar,23-Mar
raga,pdark,dark,3,3,07-Mar,23-Mar
raga,pdark,dark,3,4,07-Mar,25-Mar
raga,pdark,dark,3,5,07-Mar,27-Mar
raga,pdark,dark,3,6,07-Mar,27-Mar
raga,pdark,dark,3,7,07-Mar,27-Mar
raga,pdark,dark,3,8,07-Mar,27-Mar
raga,pdark,dark,3,9,07-Mar,28-Mar
raga,pdark,dark,3,10,07-Mar,28-Mar
raga,pdark,light,3,2,07-Mar,14-Mar
raga,pdark,light,3,3,07-Mar,14-Mar
raga,pdark,light,3,4,07-Mar,15-Mar
raga,pdark,light,3,5,07-Mar,15-Mar
raga,pdark,light,3,6,07-Mar,15-Mar
raga,pdark,light,3,7,07-Mar,15-Mar
raga,pdark,light,3,8,07-Mar,15-Mar
raga,pdark,light,3,9,07-Mar,15-Mar
raga,pdark,light,3,10,07-Mar,15-Mar
ev,plight,dark,3,1,08-Mar,17-Mar
ev,plight,dark,3,3,08-Mar,23-Mar
ev,plight,dark,3,4,08-Mar,25-Mar
ev,plight,dark,3,6,08-Mar,27-Mar
ev,plight,dark,3,7,08-Mar,28-Mar
ev,plight,dark,3,8,08-Mar,28-Mar
ev,plight,dark,3,9,08-Mar,29-Mar
ev,plight,light,3,1,08-Mar,13-Mar
ev,plight,light,3,2,08-Mar,14-Mar
ev,plight,light,3,3,08-Mar,14-Mar
ev,plight,light,3,4,08-Mar,14-Mar
ev,plight,light,3,5,08-Mar,14-Mar
ev,plight,light,3,6,08-Mar,14-Mar
ev,plight,light,3,7,08-Mar,14-Mar
Raga,PLight,Light,3,8,08-Mar,NA
Raga,PLight,Light,3,9,08-Mar,NA
Raga,PLight,Light,3,10,08-Mar,NA
ev,plight,light,3,8,08-Mar,15-Mar
ev,plight,light,3,9,08-Mar,15-Mar
raga,plight,dark,3,1,08-Mar,23-Mar
raga,plight,dark,3,2,08-Mar,23-Mar
raga,plight,dark,3,3,08-Mar,24-Mar
raga,plight,dark,3,4,08-Mar,25-Mar
raga,plight,dark,3,5,08-Mar,26-Mar
raga,plight,dark,3,6,08-Mar,28-Mar
raga,plight,light,3,1,08-Mar,12-Mar
raga,plight,light,3,2,08-Mar,13-Mar
raga,plight,light,3,3,08-Mar,13-Mar
raga,plight,light,3,4,08-Mar,14-Mar
raga,plight,light,3,5,08-Mar,14-Mar
raga,plight,light,3,6,08-Mar,14-Mar
raga,plight,light,3,7,08-Mar,14-Mar
ev,pdark,dark,3,2,16-Apr,29-Apr
ev,pdark,dark,3,3,16-Apr,03-May
ev,pdark,dark,3,4,16-Apr,05-May
ev,pdark,dark,3,5,16-Apr,08-May
ev,pdark,dark,3,6,16-Apr,09-May
ev,pdark,dark,3,7,16-Apr,09-May
ev,pdark,dark,3,8,16-Apr,10-May
ev,pdark,dark,3,9,16-Apr,10-May
ev,pdark,light,3,2,16-Apr,23-Apr
ev,pdark,light,3,3,16-Apr,23-Apr
ev,pdark,light,3,4,16-Apr,24-Apr
ev,pdark,light,3,5,16-Apr,24-Apr
ev,pdark,light,3,6,16-Apr,24-Apr
ev,pdark,light,3,7,16-Apr,24-Apr
ev,pdark,light,3,8,16-Apr,24-Apr
ev,pdark,light,3,9,16-Apr,24-Apr
ev,pdark,light,3,10,16-Apr,25-Apr
raga,pdark,dark,3,3,17-Apr,29-Apr
raga,pdark,dark,3,4,17-Apr,02-May
raga,pdark,dark,3,5,17-Apr,07-May
raga,pdark,dark,3,6,17-Apr,12-May
EV,PDark,Dark,3,1,16-Apr,25-Apr
raga,pdark,light,3,1,17-Apr,22-Apr
raga,pdark,light,3,2,17-Apr,22-Apr
raga,pdark,light,3,4,17-Apr,23-Apr
raga,pdark,light,3,5,17-Apr,23-Apr
raga,pdark,light,3,6,17-Apr,25-Apr
raga,pdark,light,3,7,17-Apr,25-Apr
raga,pdark,light,3,8,17-Apr,25-Apr
raga,pdark,light,3,9,17-Apr,27-Apr
EV,PDark,Dark,3,10,16-Apr,NA
ev,plight,dark,3,5,16-Apr,06-May
ev,plight,dark,3,6,16-Apr,09-May
ev,plight,dark,3,7,16-Apr,10-May
ev,plight,dark,3,8,16-Apr,10-May
ev,plight,dark,3,9,16-Apr,12-May
ev,plight,dark,3,10,16-Apr,14-May
ev,plight,light,3,1,16-Apr,23-Apr
ev,plight,light,3,2,16-Apr,23-Apr
ev,plight,light,3,3,16-Apr,23-Apr
ev,plight,light,3,4,16-Apr,23-Apr
ev,plight,light,3,5,16-Apr,23-Apr
ev,plight,light,3,6,16-Apr,24-Apr
ev,plight,light,3,7,16-Apr,24-Apr
ev,plight,light,3,8,16-Apr,24-Apr
ev,plight,light,3,9,16-Apr,24-Apr
ev,plight,light,3,10,16-Apr,25-Apr
raga,plight,dark,3,1,16-Apr,07-May
raga,plight,dark,3,2,16-Apr,08-May
raga,plight,dark,3,3,16-Apr,09-May
raga,plight,dark,3,4,16-Apr,09-May
raga,plight,dark,3,5,16-Apr,09-May
raga,plight,dark,3,6,16-Apr,12-May
raga,plight,dark,3,7,16-Apr,12-May
raga,plight,dark,3,8,16-Apr,13-May
raga,plight,dark,3,9,16-Apr,14-May
raga,plight,dark,3,10,16-Apr,15-May
raga,plight,light,3,1,16-Apr,22-Apr
raga,plight,light,3,3,16-Apr,23-Apr
raga,plight,light,3,4,16-Apr,23-Apr
raga,plight,light,3,5,16-Apr,23-Apr
raga,plight,light,3,6,16-Apr,24-Apr
raga,plight,light,3,7,16-Apr,24-Apr
raga,plight,light,3,8,16-Apr,24-Apr
EV,PDark,Light,3,1,16-Apr,23-Apr
Raga,PDark,Dark,3,1,17-Apr,20-Apr
Raga,PDark,Dark,3,2,17-Apr,28-Apr
Raga,PDark,Dark,3,7,17-Apr,NA
Raga,PDark,Dark,3,8,17-Apr,NA
Raga,PDark,Dark,3,9,17-Apr,NA
Raga,PDark,Dark,3,10,17-Apr,NA
Raga,PDark,Light,3,3,17-Apr,23-Apr
Raga,PDark,Light,3,10,17-Apr,NA
EV,PLight,Dark,3,1,16-Apr,23-Apr
EV,PLight,Dark,3,2,16-Apr,26-Apr
EV,PLight,Dark,3,3,16-Apr,02-May
EV,PLight,Dark,3,4,16-Apr,02-May
Raga,PLight,Light,3,2,16-Apr,23-Apr
Raga,PLight,Light,3,9,16-Apr,NA
Raga,PLight,Light,3,10,16-Apr,NA
EV,PDark,Dark,2,1,07-Mar,13-Mar
EV,PDark,Dark,2,2,07-Mar,15-Mar
EV,PDark,Dark,2,3,07-Mar,19-Mar
EV,PDark,Light,2,1,07-Mar,12-Mar
EV,PDark,Light,2,2,07-Mar,12-Mar
EV,PDark,Light,2,3,07-Mar,12-Mar
EV,PDark,Light,2,4,07-Mar,12-Mar
EV,PDark,Light,2,5,07-Mar,12-Mar
Raga,PDark,Dark,2,1,07-Mar,10-Mar
Raga,PDark,Dark,2,2,07-Mar,18-Mar
ev,pdark,dark,2,4,07-Mar,23-Mar
ev,pdark,dark,2,5,07-Mar,24-Mar
ev,pdark,dark,2,6,07-Mar,26-Mar
Raga,PDark,Light,2,1,07-Mar,10-Mar
ev,pdark,dark,2,7,07-Mar,26-Mar
ev,pdark,dark,2,8,07-Mar,28-Mar
ev,pdark,dark,2,9,07-Mar,29-Mar
ev,pdark,dark,2,10,07-Mar,30-Mar
ev,pdark,light,2,6,07-Mar,14-Mar
ev,pdark,light,2,7,07-Mar,14-Mar
ev,pdark,light,2,8,07-Mar,15-Mar
ev,pdark,light,2,9,07-Mar,15-Mar
Raga,PDark,Light,2,10,07-Mar,NA
ev,pdark,light,2,10,07-Mar,15-Mar
raga,pdark,dark,2,3,07-Mar,23-Mar
raga,pdark,dark,2,4,07-Mar,24-Mar
raga,pdark,dark,2,5,07-Mar,24-Mar
raga,pdark,dark,2,6,07-Mar,26-Mar
raga,pdark,dark,2,7,07-Mar,27-Mar
raga,pdark,dark,2,8,07-Mar,27-Mar
raga,pdark,dark,2,9,07-Mar,28-Mar
raga,pdark,dark,2,10,07-Mar,31-Mar
raga,pdark,light,2,2,07-Mar,15-Mar
raga,pdark,light,2,3,07-Mar,15-Mar
raga,pdark,light,2,4,07-Mar,15-Mar
raga,pdark,light,2,5,07-Mar,15-Mar
raga,pdark,light,2,6,07-Mar,15-Mar
raga,pdark,light,2,7,07-Mar,15-Mar
raga,pdark,light,2,8,07-Mar,15-Mar
raga,pdark,light,2,9,07-Mar,15-Mar
ev,plight,dark,2,2,08-Mar,23-Mar
ev,plight,dark,2,3,08-Mar,23-Mar
ev,plight,dark,2,4,08-Mar,25-Mar
ev,plight,dark,2,5,08-Mar,26-Mar
ev,plight,dark,2,6,08-Mar,27-Mar
ev,plight,light,2,2,08-Mar,13-Mar
ev,plight,light,2,3,08-Mar,13-Mar
ev,plight,light,2,5,08-Mar,14-Mar
ev,plight,light,2,6,08-Mar,14-Mar
ev,plight,light,2,7,08-Mar,14-Mar
ev,plight,light,2,8,08-Mar,16-Mar
ev,plight,light,2,9,08-Mar,16-Mar
ev,plight,light,2,10,08-Mar,18-Mar
raga,plight,dark,2,3,08-Mar,21-Mar
raga,plight,dark,2,4,08-Mar,22-Mar
raga,plight,dark,2,5,08-Mar,24-Mar
raga,plight,dark,2,7,08-Mar,28-Mar
raga,plight,dark,2,8,08-Mar,29-Mar
raga,plight,light,2,2,08-Mar,13-Mar
EV,PLight,Dark,2,1,08-Mar,09-Mar
raga,plight,light,2,4,08-Mar,14-Mar
raga,plight,light,2,5,08-Mar,14-Mar
raga,plight,light,2,6,08-Mar,14-Mar
raga,plight,light,2,7,08-Mar,14-Mar
raga,plight,light,2,8,08-Mar,15-Mar
EV,PLight,Dark,2,7,08-Mar,NA
EV,PLight,Dark,2,8,08-Mar,NA
EV,PLight,Dark,2,9,08-Mar,NA
EV,PLight,Dark,2,10,08-Mar,NA
raga,plight,light,2,9,08-Mar,15-Mar
raga,plight,light,2,10,08-Mar,15-Mar
ev,pdark,dark,2,3,16-Apr,03-May
ev,pdark,dark,2,4,16-Apr,07-May
ev,pdark,dark,2,5,16-Apr,07-May
ev,pdark,dark,2,6,16-Apr,08-May
ev,pdark,dark,2,7,16-Apr,09-May
ev,pdark,dark,2,8,16-Apr,10-May
ev,pdark,dark,2,9,16-Apr,11-May
ev,pdark,light,2,4,16-Apr,23-Apr
ev,pdark,light,2,5,16-Apr,23-Apr
ev,pdark,light,2,6,16-Apr,23-Apr
ev,pdark,light,2,7,16-Apr,24-Apr
ev,pdark,light,2,8,16-Apr,24-Apr
ev,pdark,light,2,9,16-Apr,24-Apr
ev,pdark,light,2,10,16-Apr,24-Apr
raga,pdark,dark,2,2,16-Apr,07-May
raga,pdark,dark,2,3,16-Apr,09-May
raga,pdark,dark,2,4,16-Apr,09-May
raga,pdark,dark,2,5,16-Apr,10-May
raga,pdark,dark,2,6,16-Apr,10-May
EV,PLight,Light,2,1,08-Mar,10-Mar
raga,pdark,dark,2,7,16-Apr,10-May
raga,pdark,light,2,1,16-Apr,22-Apr
EV,PLight,Light,2,4,08-Mar,14-Mar
raga,pdark,light,2,2,16-Apr,23-Apr
raga,pdark,light,2,3,16-Apr,23-Apr
raga,pdark,light,2,4,16-Apr,23-Apr
raga,pdark,light,2,5,16-Apr,23-Apr
ev,plight,dark,2,2,16-Apr,28-Apr
ev,plight,dark,2,3,16-Apr,05-May
ev,plight,dark,2,4,16-Apr,08-May
ev,plight,dark,2,5,16-Apr,09-May
ev,plight,dark,2,6,16-Apr,09-May
ev,plight,dark,2,7,16-Apr,10-May
ev,plight,dark,2,8,16-Apr,10-May
ev,plight,dark,2,9,16-Apr,12-May
ev,plight,dark,2,10,16-Apr,12-May
ev,plight,light,2,2,16-Apr,23-Apr
ev,plight,light,2,3,16-Apr,24-Apr
ev,plight,light,2,4,16-Apr,24-Apr
ev,plight,light,2,5,16-Apr,25-Apr
ev,plight,light,2,6,16-Apr,25-Apr
ev,plight,light,2,7,16-Apr,25-Apr
ev,plight,light,2,8,16-Apr,25-Apr
ev,plight,light,2,9,16-Apr,26-Apr
raga,plight,dark,2,2,16-Apr,03-May
raga,plight,dark,2,3,16-Apr,06-May
raga,plight,dark,2,4,16-Apr,06-May
raga,plight,dark,2,5,16-Apr,07-May
raga,plight,dark,2,6,16-Apr,08-May
raga,plight,dark,2,7,16-Apr,11-May
Raga,PLight,Dark,2,1,08-Mar,12-Mar
Raga,PLight,Dark,2,2,08-Mar,17-Mar
raga,plight,dark,2,8,16-Apr,12-May
raga,plight,dark,2,9,16-Apr,13-May
raga,plight,light,2,2,16-Apr,23-Apr
Raga,PLight,Dark,2,6,08-Mar,25-Mar
raga,plight,light,2,3,16-Apr,23-Apr
raga,plight,light,2,4,16-Apr,23-Apr
Raga,PLight,Dark,2,9,08-Mar,NA
Raga,PLight,Dark,2,10,08-Mar,NA
raga,plight,light,2,5,16-Apr,24-Apr
raga,plight,light,2,6,16-Apr,24-Apr
raga,plight,light,2,7,16-Apr,24-Apr
raga,plight,light,2,8,16-Apr,24-Apr
raga,plight,light,2,9,16-Apr,24-Apr
raga,plight,light,2,10,16-Apr,25-Apr
Raga,PLight,Light,2,1,08-Mar,12-Mar
Raga,PLight,Light,2,3,08-Mar,13-Mar
EV,PDark,Dark,2,1,16-Apr,19-Apr
EV,PDark,Dark,2,2,16-Apr,19-Apr
EV,PDark,Dark,2,10,16-Apr,NA
EV,PDark,Light,2,1,16-Apr,22-Apr
EV,PDark,Light,2,2,16-Apr,22-Apr
EV,PDark,Light,2,3,16-Apr,23-Apr
Raga,PDark,Dark,2,1,16-Apr,26-Apr
Raga,PDark,Dark,2,8,16-Apr,NA
Raga,PDark,Dark,2,9,16-Apr,NA
Raga,PDark,Dark,2,10,16-Apr,NA
Raga,PDark,Light,2,6,16-Apr,NA
Raga,PDark,Light,2,7,16-Apr,NA
Raga,PDark,Light,2,8,16-Apr,NA
Raga,PDark,Light,2,9,16-Apr,NA
Raga,PDark,Light,2,10,16-Apr,NA
EV,PLight,Dark,2,1,16-Apr,21-Apr
EV,PLight,Light,2,1,16-Apr,23-Apr
EV,PLight,Light,2,10,16-Apr,NA
Raga,PLight,Dark,2,1,16-Apr,21-Apr
Raga,PLight,Dark,2,10,16-Apr,13-May
Raga,PLight,Light,2,1,16-Apr,19-Apr
EV,PDark,Dark,1,1,07-Mar,12-Mar
ev,pdark,dark,1,2,07-Mar,16-Mar
ev,pdark,dark,1,3,07-Mar,19-Mar
EV,PDark,Dark,1,4,07-Mar,19-Mar
ev,pdark,dark,1,6,07-Mar,23-Mar
ev,pdark,dark,1,7,07-Mar,25-Mar
ev,pdark,dark,1,8,07-Mar,26-Mar
ev,pdark,dark,1,9,07-Mar,26-Mar
ev,pdark,dark,1,10,07-Mar,31-Mar
ev,pdark,light,1,2,07-Mar,14-Mar
ev,pdark,light,1,3,07-Mar,14-Mar
ev,pdark,light,1,4,07-Mar,15-Mar
ev,pdark,light,1,5,07-Mar,15-Mar
ev,pdark,light,1,6,07-Mar,15-Mar
ev,pdark,light,1,7,07-Mar,15-Mar
ev,pdark,light,1,8,07-Mar,15-Mar
ev,pdark,light,1,9,07-Mar,15-Mar
ev,pdark,light,1,10,07-Mar,15-Mar
raga,pdark,dark,1,3,07-Mar,20-Mar
raga,pdark,dark,1,4,07-Mar,23-Mar
raga,pdark,dark,1,5,07-Mar,25-Mar
raga,pdark,dark,1,6,07-Mar,25-Mar
raga,pdark,dark,1,7,07-Mar,26-Mar
raga,pdark,dark,1,8,07-Mar,26-Mar
raga,pdark,dark,1,9,07-Mar,27-Mar
raga,pdark,dark,1,10,07-Mar,01-Apr
raga,pdark,light,1,3,07-Mar,14-Mar
raga,pdark,light,1,4,07-Mar,14-Mar
raga,pdark,light,1,5,07-Mar,14-Mar
raga,pdark,light,1,6,07-Mar,14-Mar
raga,pdark,light,1,7,07-Mar,14-Mar
raga,pdark,light,1,8,07-Mar,15-Mar
raga,pdark,light,1,9,07-Mar,15-Mar
raga,pdark,light,1,10,07-Mar,15-Mar
ev,plight,dark,1,1,08-Mar,23-Mar
ev,plight,dark,1,2,08-Mar,25-Mar
ev,plight,dark,1,3,08-Mar,25-Mar
ev,plight,dark,1,4,08-Mar,26-Mar
ev,plight,dark,1,5,08-Mar,26-Mar
ev,plight,dark,1,6,08-Mar,26-Mar
ev,plight,dark,1,7,08-Mar,27-Mar
ev,plight,dark,1,8,08-Mar,29-Mar
ev,plight,dark,1,9,08-Mar,29-Mar
EV,PDark,Light,1,1,07-Mar,14-Mar
ev,plight,dark,1,10,08-Mar,30-Mar
ev,plight,light,1,3,08-Mar,12-Mar
ev,plight,light,1,4,08-Mar,12-Mar
ev,plight,light,1,5,08-Mar,12-Mar
ev,plight,light,1,6,08-Mar,13-Mar
ev,plight,light,1,7,08-Mar,13-Mar
ev,plight,light,1,8,08-Mar,13-Mar
ev,plight,light,1,9,08-Mar,14-Mar
raga,plight,dark,1,2,08-Mar,23-Mar
raga,plight,dark,1,3,08-Mar,23-Mar
raga,plight,dark,1,4,08-Mar,24-Mar
raga,plight,dark,1,5,08-Mar,25-Mar
raga,plight,dark,1,6,08-Mar,26-Mar
raga,plight,dark,1,7,08-Mar,28-Mar
raga,plight,dark,1,8,08-Mar,28-Mar
raga,plight,dark,1,9,08-Mar,28-Mar
raga,plight,dark,1,10,08-Mar,29-Mar
raga,plight,light,1,2,08-Mar,13-Mar
raga,plight,light,1,3,08-Mar,13-Mar
raga,plight,light,1,4,08-Mar,13-Mar
raga,plight,light,1,5,08-Mar,13-Mar
raga,plight,light,1,6,08-Mar,13-Mar
raga,plight,light,1,7,08-Mar,13-Mar
raga,plight,light,1,8,08-Mar,14-Mar
raga,plight,light,1,9,08-Mar,14-Mar
raga,plight,light,1,10,08-Mar,14-Mar
ev,pdark,dark,1,2,16-Apr,05-May
ev,pdark,dark,1,3,16-Apr,06-May
ev,pdark,dark,1,4,16-Apr,06-May
ev,pdark,dark,1,5,16-Apr,07-May
ev,pdark,dark,1,6,16-Apr,07-May
ev,pdark,dark,1,7,16-Apr,08-May
ev,pdark,dark,1,8,16-Apr,08-May
ev,pdark,dark,1,9,16-Apr,10-May
ev,pdark,dark,1,10,16-Apr,11-May
ev,pdark,light,1,1,16-Apr,22-Apr
Raga,PDark,Dark,1,1,07-Mar,10-Mar
Raga,PDark,Dark,1,2,07-Mar,14-Mar
ev,pdark,light,1,2,16-Apr,22-Apr
ev,pdark,light,1,3,16-Apr,22-Apr
ev,pdark,light,1,4,16-Apr,23-Apr
ev,pdark,light,1,5,16-Apr,23-Apr
ev,pdark,light,1,6,16-Apr,23-Apr
ev,pdark,light,1,7,16-Apr,23-Apr
ev,pdark,light,1,8,16-Apr,24-Apr
ev,pdark,light,1,9,16-Apr,24-Apr
raga,pdark,dark,1,2,16-Apr,01-May
raga,pdark,dark,1,3,16-Apr,07-May
raga,pdark,dark,1,4,16-Apr,09-May
raga,pdark,dark,1,5,16-Apr,10-May
raga,pdark,dark,1,6,16-Apr,10-May
raga,pdark,dark,1,7,16-Apr,10-May
raga,pdark,light,1,2,16-Apr,23-Apr
raga,pdark,light,1,3,16-Apr,24-Apr
raga,pdark,light,1,4,16-Apr,24-Apr
ev,plight,dark,1,2,16-Apr,01-May
ev,plight,dark,1,3,16-Apr,03-May
ev,plight,dark,1,4,16-Apr,03-May
ev,plight,dark,1,5,16-Apr,07-May
ev,plight,dark,1,6,16-Apr,09-May
ev,plight,dark,1,7,16-Apr,09-May
ev,plight,dark,1,8,16-Apr,09-May
ev,plight,dark,1,9,16-Apr,11-May
ev,plight,light,1,3,16-Apr,22-Apr
ev,plight,light,1,6,16-Apr,23-Apr
ev,plight,light,1,7,16-Apr,25-Apr
raga,plight,dark,1,3,16-Apr,06-May
raga,plight,dark,1,4,16-Apr,08-May
raga,plight,dark,1,5,16-Apr,08-May
raga,plight,dark,1,6,16-Apr,08-May
raga,plight,dark,1,7,16-Apr,08-May
raga,plight,dark,1,8,16-Apr,09-May
raga,plight,dark,1,9,16-Apr,13-May
raga,plight,light,1,2,16-Apr,24-Apr
raga,plight,light,1,3,16-Apr,24-Apr
raga,plight,light,1,4,16-Apr,24-Apr
Raga,PDark,Light,1,1,07-Mar,10-Mar
Raga,PDark,Light,1,2,07-Mar,11-Mar
raga,plight,light,1,5,16-Apr,24-Apr
raga,plight,light,1,6,16-Apr,24-Apr
raga,plight,light,1,7,16-Apr,25-Apr
raga,plight,light,1,8,16-Apr,25-Apr
raga,plight,light,1,9,16-Apr,25-Apr
EV,PLight,Light,1,1,08-Mar,11-Mar
EV,PLight,Light,1,2,08-Mar,12-Mar
Raga,PLight,Light,1,1,08-Mar,11-Mar
EV,PDark,Dark,1,1,16-Apr,20-Apr
EV,PDark,Light,1,10,16-Apr,NA
Raga,PDark,Dark,1,1,16-Apr,21-Apr
Raga,PDark,Dark,1,8,16-Apr,NA
Raga,PDark,Dark,1,9,16-Apr,NA
Raga,PDark,Dark,1,10,16-Apr,NA
Raga,PDark,Light,1,1,16-Apr,22-Apr
Raga,PDark,Light,1,5,16-Apr,NA
Raga,PDark,Light,1,6,16-Apr,NA
Raga,PDark,Light,1,7,16-Apr,NA
Raga,PDark,Light,1,8,16-Apr,NA
Raga,PDark,Light,1,9,16-Apr,NA
Raga,PDark,Light,1,10,16-Apr,NA
EV,PLight,Dark,1,1,16-Apr,24-Apr
EV,PLight,Light,1,1,16-Apr,21-Apr
EV,PLight,Light,1,2,16-Apr,22-Apr
EV,PLight,Light,1,4,16-Apr,22-Apr
EV,PLight,Light,1,5,16-Apr,23-Apr
EV,PLight,Light,1,8,16-Apr,NA
EV,PLight,Light,1,9,16-Apr,NA
Raga,PLight,Dark,1,1,16-Apr,20-Apr
Raga,PLight,Dark,1,2,16-Apr,25-Apr
Raga,PLight,Dark,1,10,16-Apr,NA
Raga,PLight,Light,1,1,16-Apr,22-Apr
Raga,PLight,Light,1,10,16-Apr,NA